year,ACCESS-CM2,BCC-CSM2-MR,CanESM5,CNRM-CM6-1,CMCC-CM2-SR5,CMCC-ESM2,EC-Earth3_r1i1p1f1,EC-Earth3_r3i1p1f1,EC-Earth3_r4i1p1f1,GFDL-ESM4,HadGEM3-GC31-LL,KACE-1-0-G,MIROC6,MIROC-ES2L,MPI-ESM1-2-HR_r1i1p1f1,MPI-ESM1-2-HR_r2i1p1f1,MPI-ESM1-2-LR,HadGEM3-GC31-MM,KIOST-ESM,MRI-ESM2-0
1850,0.215027911,-0.33947053,-0.05443367,0.121494933,-0.113644611,-0.047758296,0.232518463,-0.140022163,-0.417175285,-0.003322796,0.186751481,-0.255062459,-0.031124948,-0.022207459,-0.107117352,0.033456144,-0.105054637,0.201056678,0.378085804,0.083925204
1851,0.224518811,-0.29318983,-0.05443367,0.121494933,-0.059087711,0.055721104,0.333681963,-0.182834863,-0.368575885,-0.089533996,0.229758981,-0.286816159,-0.069409348,0.137767941,-0.083663252,-0.028858056,-0.122654437,0.262431778,0.299667604,0.135632004
1852,0.382076511,-0.12632853,-0.01029857,0.094145133,-0.192549411,-0.045890996,0.386409563,-0.141679363,-0.349337685,0.120640904,0.309870381,-0.235835459,-0.046233048,0.061413841,0.109664548,-0.053507156,-0.115691237,0.155317478,0.230157404,0.055201104
1853,0.278482011,-0.19835713,-0.04679707,0.111114133,0.088987589,-0.065811596,0.203153663,-0.149874863,-0.370555985,0.167360804,0.191251381,-0.189606159,0.006256252,-0.122836859,0.216437648,-0.027546956,0.234114763,0.053189378,0.123589604,-0.049733196
1854,0.348692911,-0.14155933,-0.06733777,0.114538533,0.042198789,-0.045420796,0.148836363,-0.255330263,-0.518285585,-0.044743596,0.031231381,-0.271105059,0.271274452,-0.108319759,-0.078615552,0.075244844,0.097341863,0.220424178,-0.038615096,-0.089034096
1855,0.119767811,-0.28140583,0.07781543,0.094528633,0.042194489,0.098575004,0.206070663,-0.120364463,-0.419606685,-0.119752996,0.267434481,-0.202478059,0.375006552,0.126773041,-0.106197052,0.135435844,-0.047148937,0.234713078,0.170065004,0.091960604
1856,0.148782011,-0.22937143,0.12181563,0.120366533,0.133140189,0.157130704,0.386868363,-0.115168863,-0.400996385,0.106256704,0.371352181,-0.189278859,-0.091154348,0.109172741,-0.107980552,0.135482544,-0.111403537,0.202339478,0.087304704,0.089024204
1857,0.209011211,-0.06828873,-0.02222697,0.270139633,0.160113589,0.046506904,0.345501163,-0.141896063,-0.323173985,0.155745104,0.347954181,-0.190386059,-0.046277248,0.159998841,-0.102894452,0.035878244,-0.032219837,0.204101078,-0.313193196,0.018712904
1858,0.125451711,-0.15459973,-0.10550827,0.237666533,0.111288889,0.041475604,0.269576763,-0.033809963,-0.461847685,-0.003326496,0.267200481,-0.228402159,-0.002105448,0.081007041,-0.075107352,-0.145871756,-0.044529337,0.273302278,-0.177470996,0.000407604
1859,0.236822811,0.01033327,0.06490953,0.180707233,0.030115989,0.127930304,0.265430563,-0.029677563,-0.408652185,0.046010404,0.288395681,-0.138214459,0.133446352,0.056415141,-0.200170152,-0.201781956,0.005985363,0.320118578,-0.223936496,0.171483204
1860,0.204059411,-0.05964623,-0.04489927,0.206392433,-0.009623011,0.062896704,0.331351763,-0.140851163,-0.271500985,-0.035295696,0.305919281,-0.205807759,0.039952652,0.169520041,-0.303158252,-0.190426556,0.012281363,0.157607978,-0.092010396,0.018624104
1861,0.083568411,0.03727037,-0.15776427,0.006923133,-0.004412311,0.045118104,0.319968563,-0.269083663,-0.493455285,-0.119395496,0.230595681,-0.242465859,-0.027872448,0.104346241,-0.214531452,-0.022111456,0.108779263,0.250520578,-0.074033496,-0.010326196
1862,0.070687611,-0.13950013,-0.16188627,-0.084013467,0.011908789,0.014090304,0.186017963,-0.372668963,-0.568290685,-0.105236296,0.161792481,-0.318127359,0.105405552,0.054476441,-0.254249452,-0.003240456,-0.088128737,0.025388078,-0.121714296,-0.054756096
1863,-0.017199889,-0.13208193,-0.00873937,0.059686933,-0.174650911,0.048804204,0.308974863,-0.336132963,-0.364779885,-0.068340896,0.220041881,-0.328994859,0.252588252,0.037652941,-0.159243752,-0.089081056,-0.057685137,0.137854478,-0.267029596,0.039843104
1864,0.091683711,0.13040977,-0.05218077,0.207907333,-0.264784711,-0.022431096,0.457460163,-0.289988563,-0.399404385,0.066405504,0.348471081,-0.233916659,-0.084942048,0.148104341,-0.123652252,-0.169031556,0.154760563,0.209192078,-0.153724096,-0.089262696
1865,0.026210011,0.07088677,-0.11375217,0.069427333,-0.202099811,0.018008804,0.462257263,-0.353850763,-0.469820385,0.151176104,0.432405081,-0.398097559,-0.194705748,0.352530241,-0.156158052,-0.301035856,0.103486563,0.145817978,-0.000453296,0.035225204
1866,0.049622011,0.10030777,-0.10437367,0.131279333,-0.317444211,0.166960404,0.440698163,-0.477227663,-0.414149585,0.148896304,0.421007481,-0.215699959,-0.131780548,0.152786541,-0.054119252,-0.117088456,-0.052015437,0.282700978,-0.344873796,-0.027094796
1867,0.150765611,0.20558577,-0.09842797,0.124060033,-0.136504911,0.235709004,0.408362863,-0.312956663,-0.417080185,0.111832204,0.321576781,-0.265960459,-0.044342248,-0.117176059,-0.004401652,-0.029404656,-0.004731037,0.382297778,-0.056571296,-0.052767096
1868,0.005159311,0.09493667,-0.02529477,0.077118833,-0.053578611,0.205246704,0.379176963,-0.355120663,-0.449101585,0.038742004,0.172155981,-0.199418759,0.155973552,0.026133041,0.024177348,-0.239146156,-0.090351237,0.270211278,0.028615204,0.052067704
1869,0.062204911,0.15544707,-0.03470567,0.147696133,0.162822689,-0.115595096,0.332730763,-0.247327863,-0.444605485,0.054950704,0.204661881,-0.209772559,0.297235352,0.102955541,-0.036848352,-0.311235856,-0.075519637,0.066727178,-0.141726196,-0.084475996
1870,0.126931311,-0.01648993,-0.06750277,0.145995633,0.086851489,-0.263890496,0.473857763,-0.324818963,-0.523397085,0.093145704,0.308419481,-0.283124059,0.134851752,0.079351141,-0.061570652,-0.226878056,0.093566163,-0.005362122,-0.070209196,-0.051441596
1871,0.177898511,0.07559847,-0.04740437,0.129044433,-0.035588911,0.020753504,0.451390563,-0.313047963,-0.415452185,0.091533004,0.323009881,-0.234782959,0.136667952,0.243467541,-0.049270352,0.029305644,0.021758863,0.119488578,0.011310904,0.034236204
1872,0.302341411,0.06380737,-0.11848597,0.082952033,0.005670689,0.062628304,0.400965763,-0.324595563,-0.393062385,0.146173704,0.236528181,-0.332113559,0.099158052,0.399594841,-0.132902352,0.044193644,-0.020509737,0.304314278,-0.186994396,-0.133735496
1873,0.020639811,0.04379517,-0.22754217,0.004422433,0.003151289,0.102098104,0.480338063,-0.361560063,-0.367683085,0.037538504,0.087962481,-0.246696359,0.193420352,0.103672441,-0.078054052,0.001015644,-0.036247637,0.087926278,0.114604404,-0.237326996
1874,0.215139611,0.03868047,-0.16057577,0.152467933,-0.014055111,0.054924904,0.318567363,-0.372332463,-0.419848385,0.147516504,0.054305881,-0.053795559,0.264491652,0.052009241,0.099919748,-0.014911956,-0.149038037,-0.046134022,-0.097748196,-0.129927796
1875,0.171872311,0.03389947,-0.15041017,-0.064801167,-0.069198511,-0.149750996,0.169241063,-0.285037363,-0.357339385,0.145701104,0.188384781,-0.085641859,0.039125852,0.313785241,0.068122448,0.069178144,-0.222826337,0.158717778,-0.139712296,0.097847304
1876,0.125566411,0.15486827,-0.15175897,0.085128933,-0.159012011,-0.104653496,0.380317263,-0.332312663,-0.430223985,0.043527504,0.252427181,-0.343474559,0.085364852,0.469552541,-0.045100652,0.033233344,-0.203938337,0.210246078,-0.017393696,0.032767104
1877,0.227930411,0.13807747,-0.08884557,0.267024533,-0.154647211,0.007088004,0.322357763,-0.369212363,-0.346552185,0.063064204,0.202364281,-0.238892559,-0.025349448,0.247451841,-0.046805452,-0.085490956,-0.129672737,0.258403578,-0.266840796,0.101239604
1878,0.172992111,0.21537547,-0.00542007,0.024352033,-0.065627311,-0.019106596,0.407050463,-0.361931363,-0.374556385,0.067431104,0.199730181,-0.133670959,0.029200452,0.058935541,-0.123412152,-0.015920056,-0.077511037,0.059293578,-0.048544196,0.112911404
1879,0.129888511,0.28441077,0.06691313,0.187161533,-0.109135911,-0.157613596,0.291485963,-0.367036263,-0.316235385,0.235095404,0.209991181,-0.114166059,0.096298152,0.048750541,-0.197210552,-0.002590056,0.013956963,-0.034575122,0.013295604,-0.001284396
1880,0.080368111,0.16183577,-0.06032237,0.237059833,-0.184661011,-0.315582896,0.410089663,-0.442248363,-0.269098285,0.080760504,0.288436781,-0.030634859,0.084729252,0.046040241,-0.090105352,-0.049827956,-0.077231637,-0.026695922,-0.028777096,0.079169604
1881,0.128526911,0.14662597,-0.15700287,0.132100233,-0.078489911,-0.213923296,0.505471263,-0.474255863,-0.382678985,0.040636204,0.195983281,-0.017966459,0.047121452,0.076972741,-0.012552052,0.051468944,-0.125800037,0.127264178,-0.186179796,0.130096804
1882,0.175975811,0.19379387,-0.17427047,0.185429033,-0.100860311,-0.106635796,0.362994263,-0.351156463,-0.336194385,-0.043745596,0.135822981,-0.015126559,0.098263352,0.218653041,-0.051324252,-0.112026056,-0.145209937,0.000606578,-0.056642796,0.178594004
1883,0.083104211,0.16822937,-0.16362737,0.209028033,-0.331562311,-0.101881096,0.447874163,-0.494602863,-0.404223785,0.057791504,0.169044681,-0.163368859,0.216905752,0.097906841,0.077238848,-0.273797556,-0.067123937,0.022779978,0.027372204,-0.007180796
1884,-0.276963389,-0.17022173,-0.51994277,-0.208973567,-0.573839511,-0.628793296,0.158220263,-0.801901963,-0.876497885,-0.296546596,-0.056841119,-0.470092559,-0.151845548,-0.246082759,-0.351025152,-0.474022556,-0.364245437,-0.221485922,-0.416469296,-0.088088796
1885,-0.214669789,-0.20656073,-0.46626937,0.016362733,-0.302698811,-0.623710596,0.133583063,-0.817420263,-0.796954085,-0.244140496,-0.049925819,-0.304800859,-0.199417348,-0.299670959,-0.328626352,-0.284407556,-0.315607337,-0.213001822,-0.564393696,-0.197689796
1886,-0.208335889,-0.07476833,-0.32325157,0.071323333,-0.251701811,-0.421208596,0.195333163,-0.640731363,-0.822193985,-0.150651696,0.052240481,-0.370240159,-0.096843548,-0.182621159,-0.300004252,-0.166250556,-0.187982537,-0.168332022,-0.346336896,-0.043453196
1887,-0.053153489,-0.05927353,-0.30403297,-0.047740967,-0.403105111,-0.281567196,0.159518263,-0.656377263,-0.609875085,-0.089052096,0.078517081,-0.265808359,-0.058403648,0.011542941,-0.152627752,-0.244939756,-0.207070737,-0.109984722,-0.262811996,-0.082370796
1888,-0.036727089,0.12358577,-0.29326827,0.029418833,-0.399336911,-0.166140696,0.076711863,-0.594547163,-0.556153685,0.139957304,0.142179181,-0.106422759,0.150773052,0.075409141,0.003719848,-0.124689256,-0.082040537,-0.040581822,-0.248210796,-0.045030596
1889,0.002025211,0.09508787,-0.14469087,-0.033509867,-0.340132711,-0.227081696,0.280069163,-0.528067763,-0.568441185,0.205460504,0.130998581,-0.030188059,0.006317452,-0.127558059,-0.038507952,-0.229237856,0.110107763,0.028464778,-0.324141596,-0.047113596
1890,0.056683911,0.04134807,-0.06539307,-0.088809167,-0.399180011,-0.405838996,0.232874863,-0.421817163,-0.480253785,0.115439104,0.174666281,-0.145774459,-0.072685848,-0.238357859,-0.046385352,-0.102781756,0.084363763,-0.014216922,-0.355196896,-0.039746696
1891,0.022887611,0.10296897,-0.02765817,-0.049606767,-0.373206011,-0.316589196,0.196558963,-0.581903463,-0.581551885,0.133899704,0.217102381,-0.261037259,0.015822652,-0.212238259,-0.062265952,-0.151545956,-0.154456437,0.055895678,-0.368793396,0.114035704
1892,-0.134996189,-0.06804733,-0.05001037,-0.006044867,-0.224995311,-0.263963596,0.446375963,-0.665684663,-0.732663185,0.131763104,0.069938781,-0.170037859,0.020478552,0.034520741,0.011035148,-0.094280556,-0.207437037,-0.035438822,-0.219442496,0.101113104
1893,0.035312611,0.01849847,0.02253743,0.144585133,-0.048336111,-0.455214696,0.205541163,-0.491927863,-0.722917385,0.186957304,0.138359981,-0.089170559,0.091733052,0.070000841,-0.187654852,-0.086058056,-0.012840137,0.074277678,-0.404320996,0.081774204
1894,0.108818111,0.08273987,-0.04056137,0.188720433,0.072035189,-0.451234596,0.247779763,-0.451569063,-0.610440785,0.203067904,0.244316481,-0.309610359,0.119800552,-0.184344259,-0.098249652,-0.074214056,-0.116200637,0.027929678,-0.178857396,0.136537304
1895,0.129084011,0.17701417,-0.05216047,0.026726833,-0.236430811,-0.391668396,0.373517963,-0.437021963,-0.750229885,0.242110904,0.113528081,-0.304815559,0.049639952,-0.181862959,-0.115735752,-0.143676256,-0.062545337,0.036557478,-0.201338396,0.267685904
1896,0.175999811,0.19751487,-0.08099967,0.000325933,-0.374487411,-0.196202796,0.218248663,-0.493161963,-0.592550585,0.315633704,0.240997081,-0.232614659,0.071046652,-0.106429759,-0.154800452,-0.228855856,0.005014063,0.155234578,-0.061521696,0.266819604
1897,0.232082911,0.11356547,-0.10445247,0.104197333,-0.234036411,-0.015554296,0.294205263,-0.569226563,-0.515359085,0.281449904,0.281880381,-0.163827159,0.122781652,0.124240441,-0.176747352,-0.097578456,0.107044963,0.144502478,-0.022898596,0.158411504
1898,0.288404611,0.03579327,-0.14338657,0.088436533,-0.207710811,-0.086491396,0.296245063,-0.501628963,-0.384511385,0.227112504,0.201870881,-0.226475159,0.135864552,0.210648441,-0.197446452,-0.040077056,-0.071142137,0.267778578,-0.120626796,0.162691004
1899,0.224297911,0.00709977,-0.09475047,-0.048456167,-0.058301111,-0.187981696,0.438679563,-0.508336863,-0.372952285,0.383944404,0.205488581,-0.203417059,0.139218052,0.070863541,-0.176213452,-0.111890656,-0.135346137,0.151579378,-0.039181996,0.089064304
1900,0.227450811,0.12362947,-0.07678397,0.057216333,0.006866489,-0.274171996,0.323734163,-0.547231663,-0.325775685,0.435170504,0.183333381,-0.160592359,0.228421552,0.000149341,-0.120604552,-0.225882656,-0.130794837,0.099398678,0.039691804,-0.049828596
1901,0.173716711,0.06206957,0.04870583,0.136424733,0.113267489,-0.145385996,0.218520663,-0.629275863,-0.530405585,0.211760404,0.219433781,-0.234209659,0.238750452,0.166492741,-0.032697652,-0.078822356,-0.000336537,0.146793678,0.091953204,0.203762104
1902,0.201862611,-0.05624953,0.04060503,-0.093175167,0.004853489,-0.048223096,0.149250363,-0.643957263,-0.557968785,0.164534404,0.081821281,-0.187839759,0.103968352,0.320193741,0.056664648,-0.007910156,-0.006250237,0.081722178,-0.176402596,0.148559504
1903,0.004577111,-0.13435583,-0.02918507,-0.178325267,-0.329408311,-0.314090496,0.045847763,-0.918794363,-0.753807285,0.047372804,-0.081049619,-0.241871959,-0.277876848,-0.152480359,-0.380380852,-0.081398856,-0.289080837,-0.165143522,-0.280223196,-0.087457796
1904,0.010847211,-0.02778473,0.11862753,-0.264740267,-0.296358411,-0.297743796,0.002144963,-0.728819863,-0.654695385,0.330739104,0.104617581,-0.390203559,-0.250413148,-0.078918059,-0.270774252,-0.075325756,-0.087525637,-0.046906922,-0.212454796,0.131972604
1905,0.044063311,-0.11968243,0.00279923,-0.258969867,-0.314883011,-0.198415596,0.060558763,-0.678928663,-0.657619685,0.308388104,0.068340581,-0.328719859,-0.127301948,-0.024424159,-0.152928152,-0.123253056,0.064320563,0.136701578,0.011012104,0.217865204
1906,0.127443111,-0.20491963,-0.06506687,-0.227477667,-0.232175911,-0.037479896,0.133100763,-0.596718563,-0.586636985,0.237904104,0.100231381,-0.402677659,-0.056675548,0.015687241,-0.259014152,-0.163556656,-0.047557637,0.023236078,0.111555504,0.081736204
1907,-0.011451689,-0.14816223,-0.06963417,-0.058674967,-0.163133411,0.001870804,0.266848863,-0.651974663,-0.480757885,0.254027104,0.203050581,-0.226390859,-0.037360248,0.139267341,-0.255800452,-0.036227556,-0.089527637,0.052903878,0.011271704,-0.066167996
1908,0.036459611,0.00982197,0.06172343,-0.118499967,-0.197540411,-0.088390496,0.166291363,-0.682764263,-0.522020085,0.271098504,0.045646081,-0.270222959,0.122148652,0.109938541,-0.026777852,-0.094156656,-0.141871637,0.136594478,0.134299404,0.155787704
1909,-0.044255589,0.01663217,0.04320173,-0.164359767,0.084929589,-0.081167196,0.088288263,-0.547357863,-0.310674685,0.423886304,-0.125604719,-0.340218059,0.232638852,-0.016022259,0.040346948,-0.110190856,-0.203301437,0.204742278,0.309699604,0.212845104
1910,0.149555511,-0.03547973,0.02997393,-0.104905867,0.153919689,-0.119216896,0.215686563,-0.470732463,-0.269099385,0.440813604,-0.100285619,-0.260831959,0.127535752,0.039855241,-0.067488652,-0.069847256,-0.050718037,0.193806878,0.051708304,0.231548104
1911,0.117690311,-0.03698343,0.24863523,-0.161822067,-0.063941711,-0.031784396,0.175074963,-0.493162263,-0.347258885,0.440514204,0.049928281,-0.192829459,0.009188152,0.289701941,-0.122747452,-0.010074456,0.014379863,0.101675378,-0.034535496,0.092458104
1912,-0.124978289,-0.07873593,-0.00137807,-0.187427867,-0.183558011,0.148390704,0.057835963,-0.687737463,-0.391252485,0.078695404,-0.011620319,-0.287193559,-0.036753748,0.327671941,-0.211894352,0.005357544,-0.053764737,-0.010351522,0.039210704,0.044535404
1913,-0.167609289,-0.18230633,-0.09905617,-0.091176267,-0.285484511,0.031891704,0.188579963,-0.649978963,-0.425589985,-0.007011096,0.104963481,-0.266847759,-0.066108348,-0.114855859,-0.086542752,-0.018159656,0.033515263,-0.091321022,-0.031045196,0.039812404
1914,-0.302667289,0.09043477,0.00266883,-0.018479567,-0.174303811,-0.175536496,0.206032463,-0.645280163,-0.359847785,0.281289904,0.198557481,-0.160389459,0.013015052,-0.078846559,0.013284348,0.105252744,0.116255863,-0.107790222,-0.026626896,0.043511304
1915,-0.112817289,0.00671447,0.18973813,-0.120077567,-0.137511811,-0.226840396,0.144969163,-0.669258463,-0.289253485,0.344082604,0.168749381,-0.251043959,-0.023115948,0.194417241,0.123860648,0.057487744,0.041618663,-0.059557422,0.073599904,0.082522004
1916,0.097897711,-0.09022653,0.07087493,-0.177070767,0.074940589,-0.078085996,0.164871563,-0.516168863,-0.211459285,0.320109504,0.111848081,-0.171494859,0.180871352,0.399192941,0.028607848,0.213545144,-0.092568337,0.128948878,0.095692204,-0.043149996
1917,-0.180909589,0.04650617,0.16150663,0.022880533,0.046829189,0.022295304,0.274121263,-0.531222063,-0.099221085,0.262181304,0.132275081,-0.168491759,0.309422552,0.315145141,0.099740348,0.367483744,-0.203396537,0.096710478,0.029491204,-0.015680796
1918,0.046538511,0.11466747,0.17647553,-0.211247067,0.012632489,-0.053010496,0.441604963,-0.545940263,-0.372858085,0.338805804,0.223850681,-0.198763459,0.378390552,-0.056648059,0.072022648,0.124096244,-0.223016037,0.263825878,0.004632204,0.027574204
1919,0.021780511,0.12455797,0.15324763,0.004190833,0.025882689,-0.035344496,0.454611863,-0.394736963,-0.261151085,0.451899304,0.350914481,-0.195066159,-0.044000848,-0.020083159,-0.010400452,0.092109244,-0.114945437,0.077211178,0.077060404,-0.029854496
1920,-0.035587689,-0.03543403,0.01592663,0.101046633,0.037006789,-0.005428996,0.330652763,-0.347829263,-0.306284885,0.464397004,0.272003981,-0.118575459,-0.033392248,0.162347941,0.015186548,0.062858444,0.081451663,0.071311578,0.261307704,-0.015899596
1921,-0.043184389,0.13340167,-0.00206947,0.094673833,0.247284989,0.141857904,0.351697563,-0.469953763,-0.222270085,0.260985304,0.243698681,-0.168501159,0.111765152,0.326164941,0.058869048,0.009522344,0.122313763,0.090406178,0.028289504,0.117585104
1922,-0.136311989,0.01769517,0.12972963,-0.027509767,0.240646089,-0.037822496,0.197703863,-0.436855863,-0.278076785,0.320862104,0.225437881,-0.113537759,0.201540352,0.209800841,0.078288348,0.123004944,0.108837663,0.012523678,0.019996104,0.208511104
1923,0.042190211,0.04291107,0.25870783,-0.035787767,0.010747289,-0.225255296,0.262751163,-0.288854563,-0.144009885,0.406415704,0.325021681,0.040921241,0.181541352,-0.039225959,0.047730748,0.234555744,0.133791863,-0.001824522,0.204854504,0.247597504
1924,0.087038111,-0.02983563,0.13735413,0.003641833,-0.116659811,-0.208797396,0.353777463,-0.522364263,-0.133465585,0.310636904,0.351409881,-0.088579359,0.287684752,-0.039068059,0.095234548,0.113973844,0.113571563,0.150992278,0.205452804,0.020890304
1925,0.132823411,0.00788917,0.26036953,0.036711133,-0.052567811,-0.091362996,0.268346863,-0.565943563,-0.199717985,0.262886004,0.251115681,-0.077870359,0.256247952,0.009198241,0.087305048,0.056698444,-0.026816337,0.228084778,0.177779204,-0.057602496
1926,0.040295511,0.07531597,0.24135913,0.002750433,-0.015578511,0.055870404,0.313557263,-0.490191963,-0.125791785,0.219856304,0.318007981,-0.066489359,0.178851752,0.100174841,0.186954648,0.011627244,0.125477163,0.000330378,0.203240804,0.027244804
1927,0.206687511,0.13152397,0.08082163,-0.057709867,0.091787189,0.281235504,0.254017963,-0.452186063,-0.046968385,0.375163304,0.256355581,0.018224041,0.137075352,0.255766741,0.241902448,-0.100433256,0.201536863,0.034753578,0.255349604,0.165325404
1928,0.155978611,0.12606097,0.27492983,-0.144598767,0.150844289,0.283306004,0.250104963,-0.442325963,0.114555315,0.475442204,0.345130881,0.037118941,0.122808652,0.303786941,0.233018048,-0.043677956,0.324358163,0.271738078,0.022841404,0.139298304
1929,0.245570711,-0.03884583,0.17603063,-0.078833267,0.178646689,0.204700604,0.252270363,-0.573404963,-0.024517685,0.390688104,0.263772781,-0.134106859,0.102562452,0.218105441,0.201061748,0.121405044,0.271191563,0.228965978,0.014877604,0.192402504
1930,0.145836511,0.13252097,0.16022693,-0.089379767,0.108030889,0.124403304,0.051999363,-0.430007963,-0.202613585,0.329419404,0.117297981,-0.088487459,0.058312452,0.059030041,0.107499948,0.089736244,0.104710363,0.354576678,0.166751604,0.129849604
1931,0.063340911,-0.01311573,0.15036173,-0.065626667,-0.040007411,0.317973404,-0.021395437,-0.240140163,-0.063152085,0.412806004,0.052440181,-0.087084959,0.110913752,0.153706241,0.130041548,-0.000280356,0.110804463,0.314871378,0.063151404,-0.029440896
1932,0.223044211,0.08132397,0.30076803,-0.085295267,-0.011860311,0.456996104,0.030889663,-0.312780163,0.029741615,0.486715804,0.125824381,0.060359441,0.196560752,0.270377241,0.105139748,0.029508444,0.035703963,0.255232878,0.188287804,0.103190004
1933,0.279761911,0.00366097,0.22520633,-0.013589467,-0.044714511,0.159178704,-0.010601837,-0.235135363,-0.084686385,0.436304304,0.109919281,-0.017057459,0.061712252,0.235803241,0.127757448,0.098049644,0.092807063,0.148914078,0.112989204,0.132828304
1934,0.487955511,-0.04903653,0.11866123,0.139272733,-0.007777911,0.019915104,-0.048108137,-0.160985663,0.015153915,0.320733404,0.195900681,-0.000547659,0.177996552,0.254943741,0.354839648,0.006162644,0.163141963,0.088411478,0.016761404,0.114391004
1935,0.369138711,-0.11093163,0.20101243,-0.036422567,0.086788089,0.183653504,0.061389763,-0.210529463,0.001555715,0.309983304,0.330783581,0.017429941,0.211405852,0.333957641,0.376401348,-0.020838956,0.212190663,0.061677878,-0.093973696,0.226127104
1936,0.397510611,-0.13905823,0.12179803,-0.263980667,0.139163789,0.290595204,0.086064763,-0.214889263,0.060842815,0.239608404,0.110431181,-0.005761259,0.247517552,0.128408641,0.514415048,-0.057536956,0.143101163,0.151075778,0.127667404,0.341665404
1937,0.205055211,-0.05624793,0.20931203,-0.116860067,0.084579289,0.141149904,0.095653963,-0.080042763,0.217253015,0.207243004,0.169578281,0.213509741,0.414726952,0.054442841,0.373378748,0.054039244,0.127650263,0.233233678,0.043708404,0.268854804
1938,0.262754511,0.11745647,0.31258203,0.048654133,-0.103426811,0.085706804,0.017220963,-0.102877263,-0.021362685,0.303587604,0.281378481,0.005540041,0.352853152,0.269079441,0.303634348,-0.036021156,0.187209863,0.197905478,0.022294004,0.348342704
1939,0.321876711,0.03819907,0.30974483,0.094006133,-0.069387411,0.250131604,0.096242863,-0.081744863,0.094722315,0.367505204,0.293949181,-0.010996959,0.099426752,0.346912141,0.061601048,0.065041244,0.087562063,0.246748678,0.151871904,0.280682604
1940,0.303648411,0.06710947,0.33256823,0.071044133,-0.140777411,0.309308904,0.000149163,-0.166568563,0.040833815,0.390937104,0.334389781,0.134179741,0.094818252,0.490529941,0.155616948,-0.002854356,0.273056663,0.226775378,0.396217504,0.207237904
1941,0.446130711,0.19227017,0.33533943,0.064327733,0.062558989,0.275426204,0.062968563,-0.092050963,-0.076549585,0.181984104,0.458973481,0.208439341,0.162137552,0.351105441,0.169676248,-0.021476056,0.275607963,0.121971178,0.171804104,0.243827904
1942,0.352290611,0.19751447,0.32977423,0.253824533,-0.041937011,0.016035604,-0.015072237,0.029622737,0.052239115,0.193497204,0.265056981,0.180487041,0.267170352,0.150535441,0.225623748,0.071788844,0.402329163,0.083782978,0.182469104,0.139585204
1943,0.291721711,0.23103717,0.19434123,0.151560933,-0.181934711,0.033859104,-0.036893437,0.031116937,0.089063515,0.315196804,0.105671781,0.260248541,0.441836252,0.020101541,0.242590448,0.022336944,0.447701863,0.203535078,0.247085004,0.157983204
1944,0.383024211,0.22834237,-0.04128437,-0.012654267,-0.031294611,0.071291204,0.057710563,-0.018164863,-0.007900485,0.241409604,0.187158181,0.144527141,0.563620252,0.382564441,0.227425148,0.046787744,0.204246863,0.291334878,0.101453804,0.297557304
1945,0.437166611,0.08649457,0.06633723,0.238237833,0.114873289,-0.013582696,0.005880263,-0.011308163,-0.045717485,0.023358704,0.121501581,0.122858541,0.422938152,0.463378241,0.196494148,0.096369444,0.253827763,0.212767078,0.235784604,0.222268704
1946,0.339200411,0.17947147,0.07220353,0.256947033,-0.000673711,0.166337704,-0.057318437,-0.110183763,0.185511415,0.112398404,0.247096481,0.089169241,0.114246852,0.207464241,0.130302648,0.160061444,0.411307963,0.342398978,0.203760304,0.372810204
1947,0.222393411,0.21882137,0.13077293,-0.029311667,0.110414389,0.254433104,-0.164596637,0.055996937,0.264197315,0.310531804,0.300183781,0.099951341,0.135562852,0.074778641,0.263896448,0.161536544,0.356642863,0.413967378,0.222542704,0.365002604
1948,0.223995011,0.20015027,0.37165193,0.052072033,0.387481589,0.166011604,0.106610163,0.228196037,0.179353215,0.218463604,0.205850181,0.108257541,0.251726552,0.151611041,0.419478548,0.380859644,0.142752363,0.209121078,0.314042904,0.444917104
1949,0.316920611,0.26324067,0.33893613,0.265074633,0.155705689,0.226478804,0.027517963,0.114714037,0.314649515,0.169954504,0.343395681,0.175848541,0.248647352,0.301961341,0.255367948,0.301345744,0.149721163,0.332183278,0.221814704,0.424323604
1950,0.134621611,0.25048467,0.37944633,0.295851233,0.073360489,0.054599304,0.065882863,0.160080037,0.401268915,0.261393304,0.158662181,0.308688941,0.248120652,0.426838841,0.184501548,0.156713944,0.219467763,0.115506078,0.197158004,8
1951,0.242160611,0.42357617,0.19252373,0.208345133,0.245446989,0.028025704,0.076925163,0.104333537,0.353236415,0.165256104,0.170558281,0.149272841,0.207726052,0.109824241,0.256996848,0.090777544,0.406837563,0.138065578,0.155631604,8
1952,0.296008011,0.24503997,0.18347083,0.190676833,0.302793389,0.158781804,0.079120763,0.047795837,0.310321115,0.186971404,0.294926081,0.188065241,0.181817952,0.110331841,0.169691748,0.106269144,0.464310063,0.263448678,-0.014074096,8
1953,0.286594511,0.27919457,0.24027333,0.055489833,0.255496689,0.198710204,0.419386663,-0.018983663,0.094765315,0.303655804,0.465466481,0.226007941,0.087913152,0.322724241,0.152004448,0.122386544,0.299857963,0.202868378,0.162541904,8
1954,0.215428011,0.31812157,0.21682363,0.087841233,0.002296789,0.131046704,0.400756663,0.172855237,0.288082215,0.300826404,0.305412581,0.389289841,0.130396852,0.158540741,0.049334948,0.151212844,0.230887463,0.122981878,0.217900404,8
1955,0.255381411,0.30111417,0.05755283,0.114600433,0.222050389,0.189397004,0.113556263,0.258795637,0.470600115,0.236535104,0.173784881,0.279395841,0.299828352,0.160677241,0.064862748,0.379116444,0.123148263,0.262467478,0.241899804,8
1956,0.151137211,0.29075237,-0.02837197,0.038393833,0.393909989,0.104946104,0.176406863,0.173794737,0.309653715,0.177094304,0.346608381,0.300406741,0.415520352,0.412756241,0.150821148,0.272931344,0.093628563,0.427548978,0.083478404,8
1957,0.265889211,0.30477447,0.18315723,0.155990733,0.230886689,0.233853104,0.434886963,0.216369937,0.118811515,0.221925704,0.367859681,0.294540541,0.423302252,0.339522141,0.073359748,0.223638944,0.124638163,0.487021078,0.183326704,8
1958,0.234879211,0.32340397,0.20858473,0.229796333,0.035617889,0.245250304,0.356516763,0.292495337,0.231077915,0.348378304,0.283689081,0.199597741,0.296614952,0.149798641,0.104902448,0.182918744,0.110677363,0.497879478,0.212146704,8
1959,0.324699211,0.39211757,0.25321993,0.060936633,0.096214889,0.093970504,0.442984863,0.375143537,0.282477215,0.406849804,0.296422081,0.275966541,0.163635252,0.191743641,0.235584048,0.200314844,0.199317863,0.288173678,0.153683804,8
1960,0.388968911,0.27493637,0.13513513,0.173964133,-0.010090111,0.066753504,0.406371763,0.371876937,0.191107215,0.291652404,0.347187181,0.339080241,0.141606752,0.408425341,0.311489748,0.216018144,0.387506663,0.122945678,0.337898404,0.291659804
1961,0.345564311,0.25018887,0.22258313,0.240241933,0.039756789,0.235799404,0.340879463,0.110369737,0.228702315,0.220536904,0.325868781,0.261060641,0.156600352,0.524801841,0.342709048,0.251982644,0.458077863,0.218269678,0.303342204,0.157854304
1962,0.268448211,0.25454367,0.27876993,0.208572833,0.174019689,0.339054304,0.116410963,0.172943037,0.368925615,0.242784004,0.211486781,0.306254341,0.439044552,0.107005041,0.172497548,0.168976544,0.200614863,0.261707078,-0.010704396,0.204954504
1963,0.063407511,0.05716707,0.05697793,0.078381133,0.247217389,0.191916604,0.074524763,0.146077437,0.088451815,0.105375004,-0.002285319,0.229349241,0.491453352,-0.091566059,0.157730548,0.087033344,0.020338063,0.048431478,0.276136804,0.125517004
1964,-0.013566589,-0.06584773,0.02255493,0.244897433,0.254982189,-0.027310996,0.127133163,0.113062237,-0.040587585,-0.193447196,-0.028848519,0.153658841,0.012923352,-0.132377359,0.177874848,0.047799344,-0.032988837,0.046664978,0.005049404,0.141494504
1965,-0.019669089,-0.07397043,0.17151583,0.190960633,0.367354289,-0.028106396,0.084136363,-0.100811863,-0.024306785,-0.091104596,-0.071336819,0.084748541,-0.105005448,0.070861541,0.175328548,0.024400144,0.077638763,0.087377778,-0.261697296,0.087777404
1966,-0.031591289,0.17117227,0.11634643,0.112493633,0.187334789,0.152472904,0.285041263,0.119425637,0.125155215,0.139130504,-0.011051319,-0.003997159,-0.030387048,0.294901041,0.234056748,0.186006044,0.182330563,0.023316878,0.087325404,0.125656004
1967,0.053746311,0.03588807,0.09668903,0.016098033,-0.039361811,0.378721904,0.050023163,0.121832437,0.273266815,0.212445204,0.053035181,-0.003938159,0.178715152,0.035708341,0.072198848,0.202135144,0.258654763,0.069214578,0.282490404,0.155065904
1968,0.228307411,0.15409257,0.15944063,0.241905933,0.193628389,0.414319504,-0.028445837,0.035254537,0.183873515,0.200169204,0.192494381,0.153999441,0.396546852,-0.024486059,0.174960448,0.312745544,0.291228463,0.190846578,0.140218004,0.117769104
1969,0.230763911,0.15332967,0.09791943,0.399777433,0.271108889,0.093154804,0.017894163,0.186555137,-0.014034585,0.177456804,0.265746581,0.168375241,0.033208952,0.169850041,0.196778748,0.271560544,0.203910663,0.174446078,0.131408304,0.056502604
1970,0.165992111,0.15324607,0.21491263,0.248148733,0.358492589,-0.056528596,0.131502563,0.427004337,-0.066052585,0.117032804,0.111431581,0.216369641,0.059421252,0.331084341,0.359125848,0.240455144,0.107028863,0.142822578,0.199677004,0.143014804
1971,0.134269611,0.19392757,0.24164383,0.375711733,0.499040989,0.002207104,0.055547263,0.110942837,0.025553615,0.139389104,0.181122981,0.279050041,0.145876552,0.085017741,0.426901548,0.322355444,0.114579263,0.067684878,0.312334104,0.195599104
1972,0.228927411,-0.03581973,0.20802303,0.284098833,0.338778489,0.351521404,-0.027222437,0.106541637,0.210457015,0.332345204,0.286617281,0.168403341,0.071551052,0.068592541,0.280707948,0.185951644,0.148576463,0.201187878,0.366627004,0.116126104
1973,0.366016911,0.13386677,0.25922403,0.196979333,0.192366889,0.588446604,0.188039963,0.307276237,0.275002115,0.371267604,0.300185381,0.098766941,0.180962052,0.218623141,0.253127748,0.219382544,0.300194963,0.280427678,0.373912904,0.114138404
1974,0.174542111,0.25113747,0.50196463,0.345416833,0.072688689,0.505545304,0.374196463,0.402355837,0.305223615,0.230392104,0.195667981,0.162526441,0.248456952,0.262016941,0.165084348,0.210881944,0.305246563,0.336647878,0.359801404,0.318247304
1975,0.158062711,0.22312577,0.45555863,0.392493633,0.106016089,0.348341504,0.338242463,0.446205937,0.131041515,0.070688804,0.149475281,0.050293841,0.359149452,0.398816341,0.115857148,0.264670544,0.095500763,0.114402178,0.453466004,0.263372404
1976,0.251010511,0.14043617,0.27406023,0.211935533,0.288591589,0.405110404,0.299300663,0.540407737,0.277926715,0.224999904,0.029812881,0.124766341,0.165000052,0.289967441,0.341510648,0.301364944,0.008790263,0.207644878,0.449021104,0.013735704
1977,0.266737711,0.19661497,0.27110823,0.316606433,0.425157189,0.406458504,0.459323963,0.316650237,0.268595315,0.349293004,0.203470081,0.260792341,0.191820952,0.060770741,0.353321248,0.388855844,0.152530863,0.311001978,0.425298404,0.098081504
1978,0.258111811,0.28906877,0.39225343,0.325666433,0.405154389,0.427036604,0.348260963,0.278974337,0.178869815,0.266141604,0.130995881,0.157630941,0.458370352,0.146424941,0.373148848,0.400611344,0.187752663,0.426114778,0.460235504,0.255007204
1979,0.398275011,0.17303037,0.33511063,0.319466233,0.553353789,0.589976604,0.291885463,0.507792837,0.191912415,0.211952604,0.190840181,0.283745641,0.355119352,0.235021941,0.352429848,0.392683544,0.325414763,0.388401378,0.549165304,0.215905904
1980,0.255437911,0.20252377,0.37342523,0.674119633,0.602786089,0.529043504,0.300596463,0.448495037,0.149281815,0.162880204,0.207253281,0.412275541,0.156424852,0.417441641,0.547450948,0.282162744,0.509856063,0.506424478,0.407017904,0.210611904
1981,0.325209111,0.39816447,0.46636183,0.602141533,0.618730689,0.431473104,0.430166763,0.441692337,0.221415315,0.335231204,0.084273081,0.540876941,0.164182252,0.510472841,0.473883248,0.409352844,0.443524463,0.313247878,0.535943404,0.315694604
1982,0.277154611,0.40006257,0.51861023,0.486020633,0.535437289,0.581727204,0.330280863,0.548005137,0.222363715,0.423832804,0.186587281,0.305692941,0.408210252,0.165300441,0.398644548,0.397201044,0.376432663,0.157377778,0.518899104,0.424919704
1983,0.191539511,0.28210417,0.37047813,0.371168433,0.563434689,0.688465004,0.124022063,0.361757237,0.111281315,0.166540004,0.089298581,0.262870141,0.370461652,0.079325441,0.296462948,0.335043044,0.266656363,0.068363378,0.403103704,0.227255104
1984,0.319021411,0.29287377,0.46291243,0.320616633,0.536294989,0.583281404,0.209153963,0.314126737,0.166755015,0.077202404,0.272836981,0.387800541,0.564745952,0.238823441,0.378862448,0.355307644,0.519139863,0.267121678,0.321186604,0.129172204
1985,0.416614711,0.13117537,0.67448123,0.550764433,0.465433289,0.507202204,0.474010163,0.347055737,0.376127415,0.162401904,0.192814981,0.347303541,0.380262952,0.545210641,0.478054848,0.409874044,0.581508963,0.236072178,0.506595604,0.533532004
1986,0.541536411,0.25751487,0.49586353,0.535169233,0.420498789,0.538000604,0.434248663,0.279784137,0.426922415,0.327092104,0.260566681,0.476765741,0.205376852,0.549064841,0.568050448,0.544616044,0.530738063,0.314673978,0.510032604,0.380164504
1987,0.273257311,0.30453487,0.56144313,0.745851233,0.631403089,0.572931304,0.622740263,0.358292637,0.482360515,0.352283504,0.267171581,0.533071841,0.354047152,0.246962241,0.504714048,0.606470544,0.416734763,0.343624678,0.663895004,0.344471404
1988,0.277577411,0.39825217,0.60406673,0.675642133,0.675261489,0.577169404,0.463486663,0.336372937,0.563510415,0.291790304,0.251776681,0.664730841,0.391913752,0.265184641,0.470492648,0.636170644,0.388657763,0.332187178,0.853699504,0.409837804
1989,0.444141211,0.48267717,0.94731263,0.590340933,0.653256189,0.692599104,0.646570663,0.407360937,0.497450715,0.405023504,0.421461781,0.562686741,0.356460852,0.394731141,0.478826148,0.700892744,0.535098863,0.463499278,0.721920404,0.295740504
1990,0.546134511,0.38874377,0.85435623,0.739258933,0.656589789,0.741890204,0.741193163,0.597527937,0.644324115,0.667616104,0.535017581,0.659042741,0.445341352,0.568336041,0.538310248,0.645982844,0.678555763,0.324749378,0.819882504,0.378083704
1991,0.483369711,0.27170047,0.87603823,0.696404133,0.854985389,0.617848604,0.706469763,0.431608137,0.579195315,0.665916704,0.552512081,0.593664541,0.348737152,0.732733641,0.482486748,0.725726044,0.632909563,0.243925578,0.921637804,0.438340904
1992,0.105013711,0.02624697,0.43359573,0.596377633,0.395697889,0.427062004,0.254458763,0.239929937,0.320275615,0.002646204,0.329041681,0.394492841,0.203415152,0.075533741,0.255863348,0.527269744,0.403935763,0.154802578,0.287995804,0.127428104
1993,0.217439911,0.14249787,0.57992273,0.716230533,0.291405089,0.361277004,0.471166163,0.388090137,0.186946515,0.081545904,0.247858181,0.456363241,0.396182352,-0.007917359,0.230310148,0.598354144,0.533149363,0.076397178,0.581242304,0.313094904
1994,0.350951311,0.36401297,0.58730723,0.641561233,0.294501989,0.300214004,0.492202663,0.325833637,0.412096015,0.329995404,0.269700581,0.579899641,0.522517252,0.214786641,0.421961948,0.748237044,0.511921263,0.147151478,0.469717804,0.436460804
1995,0.391202211,0.46270617,0.79341953,0.834672733,0.416262289,0.338130204,0.623384763,0.316673537,0.403226315,0.313186304,0.384033281,0.543755841,0.237096552,0.444168141,0.470130348,0.726359144,0.393620863,0.231579978,0.661762304,0.408782704
1996,0.575128611,0.31560697,1.12617863,0.664512733,0.441041489,0.515415704,0.643586263,0.460998737,0.525896015,0.394306604,0.476155981,0.647438541,0.168028452,0.571952341,0.469111348,0.718217244,0.691901663,0.329844778,0.747529904,0.338368504
1997,0.439728111,0.56520537,0.87917583,0.749067933,0.625520289,0.754283204,0.819242863,0.630507237,0.502688615,0.475891404,0.535061281,0.706647841,0.316689852,0.678980241,0.362443748,0.844688044,0.824471163,0.441596178,0.665806604,0.493109504
1998,0.497445911,0.49563747,0.87742073,0.838566533,0.608213089,0.838384904,0.924922663,0.631770937,0.365499115,0.530583404,0.548016081,0.660911741,0.349396352,0.300231941,0.485811548,0.770435944,0.794285263,0.428615178,0.807141104,0.686649104
1999,0.610150111,0.47967027,1.05410283,0.813703133,0.673679989,0.768130004,0.885207163,0.498482537,0.551224815,0.571030604,0.545802181,0.747950741,0.739953452,0.299129541,0.536694148,0.833116344,0.779708663,0.493357378,0.810520804,0.584419404
2000,0.765741811,0.65952337,1.16621513,0.941513133,0.669846089,0.761002404,0.901965563,0.520278637,0.630274015,0.683991004,0.667838081,0.783095441,0.645681652,0.480463741,0.625254348,0.799733444,0.744793063,0.636735378,0.858790404,0.730625104
2001,0.652710711,0.76746647,1.39819333,1.093577233,0.913272689,1.123249004,0.920891463,0.616556237,0.956427815,0.806798304,0.907268281,0.808589841,0.565003252,0.694018041,0.697473948,0.815483344,0.767396363,0.749128478,0.947053304,0.719278104
2002,0.643805911,0.79358787,1.36116903,0.775341033,1.169757989,1.076499704,1.096717263,0.618081537,0.771388615,0.755888504,0.939518781,0.910125041,0.525601152,0.630122541,0.719414948,1.040578344,0.802811563,0.845518778,0.791686404,0.592879704
2003,0.820296811,0.68900717,1.26143783,0.914946133,1.115344389,0.878638704,1.179332363,0.782559637,0.719412915,0.688122904,0.904001081,0.992282241,0.714409752,0.623599141,0.662308548,0.943839044,0.947272563,0.749685078,1.028734604,0.716503504
2004,0.661977211,0.71317827,1.24952773,0.862924933,0.955610589,0.816907804,1.149110963,0.736360237,1.023107415,0.772382704,1.003922681,0.967910841,0.876494052,0.887334841,0.624971648,0.866641344,0.892472163,0.829390978,1.065770004,0.789373004
2005,0.751207611,0.64705347,1.08333803,0.771041233,0.981906589,0.839783004,1.273612563,0.597926937,0.907656915,0.709664704,1.013523481,0.929431541,0.669645852,0.903890141,0.685279148,0.941666844,0.776813763,0.854783878,1.084790204,0.948312204
2006,0.757085511,0.74919657,1.07078833,0.945120033,1.099471889,1.065732404,1.279175563,0.734299637,0.501025415,0.621949004,1.197059181,0.966312641,0.550840352,0.518755741,0.772742848,1.041962244,0.790824563,1.004842378,0.974670904,0.870412304
2007,0.601769511,0.69867597,1.26218363,1.097346833,1.257663089,1.174561804,1.315417763,0.705507137,0.530917715,0.676504404,1.076451781,1.020091641,0.627338052,0.493424741,0.793652148,1.002282344,0.878590963,0.843252578,0.959854904,0.828241704
2008,0.769029711,0.70363247,1.41053753,0.931497733,1.329032589,1.286896604,1.367394863,0.621791637,0.672404815,0.760742004,1.027802081,0.999253141,0.930384152,0.669866941,0.958622648,1.045532844,1.019168163,0.912221878,1.215571304,0.935082004
2009,0.702801611,0.67122517,1.32213403,0.935349133,1.267397089,1.050651404,1.430151763,0.689326137,0.799469615,0.862251204,1.066431481,1.020876241,0.957384552,0.776039941,1.011836648,0.878229444,0.882120263,0.866375678,1.210262504,0.816579304
2010,0.883651711,0.70053707,1.34425353,1.068599933,1.119481589,1.017626504,1.445896863,0.746664637,0.766519815,0.766556204,1.255598081,1.060335641,0.638359652,1.020031541,0.836641148,0.999154644,0.900353163,0.762065978,1.126625904,0.720786004
2011,1.004800311,0.77904787,1.41574083,0.960486333,1.214063989,1.168502804,1.406905663,0.821039137,0.906356115,0.784883104,1.417712681,1.181496041,0.626353652,0.795569841,0.938186648,1.003990044,0.974817163,0.942992678,1.297404904,0.758871804
2012,1.140506611,0.82423227,1.58106513,1.211964433,1.343815189,1.262968804,1.503753063,0.729139737,0.832163915,0.959190204,1.330870881,1.141614341,0.744794052,0.726606341,1.000814648,1.095945944,0.922221763,1.239820578,1.376995704,0.887014904
2013,0.856935011,0.88048247,1.46936213,1.094494233,1.294248289,1.101113004,1.603052663,0.678568537,1.050288415,1.065920804,1.319676681,1.110552741,1.099441452,0.817344341,0.995964148,1.085037544,0.836372663,1.094196878,1.333234604,0.928564504
2014,1.076395111,0.93184537,1.63199093,1.008626433,1.218873589,1.018466304,1.569867263,0.875558037,1.030351015,0.796236404,1.439068981,1.245160041,0.978337052,0.964871841,0.966773848,1.042108544,0.898938863,1.048898778,1.385777904,0.929805904
2015,1.188419611,0.91213477,1.70859633,1.185100133,1.365028389,0.818133804,1.618190763,0.945350637,0.909247015,0.777084804,1.472734781,1.405125241,0.579167652,1.132845441,0.883936548,1.179431044,0.969942863,1.083118978,1.346940804,1.076579104
2016,1.220721911,0.99733957,1.64133573,1.259881433,1.436945489,0.964152004,1.589917063,0.712386937,1.093452515,0.993905904,1.682738081,1.392181541,0.581169852,0.818016041,0.984537148,1.195444644,0.996141363,1.214658778,1.412699304,1.178822604
2017,1.180661211,0.98802847,1.79685913,0.993411333,1.254295589,1.057690804,1.532125363,0.828265037,1.140103015,1.166175004,1.608019281,1.326698441,0.737503852,0.635872641,1.005057148,0.987190144,1.029155063,1.317267778,1.509335904,1.195266204
2018,1.422335811,1.04087987,2.01735563,1.052302333,1.088933989,1.302689604,1.653648363,0.868581437,0.862554215,1.021182704,1.642126781,1.480825741,0.820728352,0.795253241,1.123174848,0.957353344,1.159443863,1.245946178,1.248628004,1.239342404
2019,1.571704111,1.08447947,2.02093923,1.181040033,1.186768189,1.315435504,1.674209963,1.063467037,0.900190015,0.979860504,1.574600381,1.641616241,0.995291652,1.192236741,1.143284948,0.946947044,0.987833463,1.186687878,1.264247204,1.318817104
2020,1.435324211,1.16062137,2.00536783,1.254637833,1.180363789,0.816864104,1.547347763,1.162291937,1.018638315,0.952245204,1.717201681,1.546727041,1.158679052,1.273860241,1.162058348,1.013967744,0.834384563,1.325649778,1.398810104,1.198579404
2021,1.646596211,1.27029497,1.89962573,1.333816733,1.369507489,0.795251404,1.595331463,0.859966137,1.218123615,1.163241104,1.712785781,1.638093241,1.041563652,1.086921841,1.101498448,1.286695044,1.089488463,1.449554378,1.522766204,1.304859004
2022,1.376615711,1.30948467,2.08453883,1.406689333,1.387983989,1.010927304,1.790503963,0.978738637,0.996801715,1.294493904,1.629425081,1.661804441,0.827092952,0.962975841,1.193192148,1.204612044,1.313731963,1.383805778,1.543522204,1.452655404
2023,1.614121111,1.31451167,2.22361573,1.393488133,1.291782889,1.114629704,1.656721563,1.180169037,1.002196315,1.045421004,1.780406181,1.709956041,0.924622352,1.130558441,1.133459948,1.254191544,1.290701863,1.586087078,1.529315804,1.422575704
2024,1.490974111,1.26830747,2.20448013,1.563967233,1.297855489,1.165573404,1.798254363,1.161450637,1.094905815,1.036604904,1.862995381,1.848168241,1.174112152,1.210634841,1.149662748,1.312629744,1.205913563,1.637291378,1.572284104,1.538170904
2025,1.579392011,1.40866267,2.26662893,1.625571833,1.380295789,1.117946604,1.851524263,1.257545137,0.996311015,1.225398404,2.014362181,2.059069341,1.283064652,1.139376041,1.154305248,1.552785144,1.294856263,1.537560878,1.629020004,1.546720104
2026,1.601815911,1.31686117,2.35403053,1.709297133,1.550899189,1.200186604,1.844898363,1.286418237,1.100821115,1.223550404,2.154287881,2.075109041,1.285469952,1.487536841,1.175410048,1.331460244,1.147067563,1.546921778,1.611055804,1.396930104
2027,1.829103511,1.39021447,2.28932963,1.666263133,1.459101389,1.424683004,1.901634963,1.193767037,1.095919615,1.108489604,1.955669481,1.977036641,1.170222652,1.443096941,1.215967048,1.223857944,1.277248063,1.597280578,1.590068904,1.681813404
2028,1.789213911,1.46792017,2.22298493,1.530487933,1.591929189,1.563210004,2.097549763,1.218301337,1.220107515,1.341695504,2.170705481,2.092149041,1.249998252,1.221997441,1.165698448,1.291728044,1.405463463,1.750951278,1.405271704,1.724690804
2029,1.639276111,1.39967887,2.47048213,1.546875333,1.757573089,1.441494304,2.042720163,1.339717937,1.217918215,1.409965304,2.320423781,2.066107141,1.556343452,1.270385741,1.314922348,1.476721444,1.214811763,1.991861878,1.595418104,1.558689804
2030,1.733182611,1.44085667,2.51573953,1.568162733,1.782535089,1.374092004,2.014650363,1.405023737,1.228568415,1.132557804,2.157189681,2.113083741,1.496872252,1.446821941,1.431991948,1.477156244,1.140707263,1.700188178,1.758972704,1.647265704
2031,1.936227611,1.47248407,2.50638253,1.675615333,1.753924189,1.549396704,2.107708463,1.404111337,1.349351415,1.340209404,2.190531281,2.256491641,1.084372152,1.733438041,1.557447348,1.370380344,1.338103063,1.990963378,1.722342004,1.754327704
2032,1.659270811,1.56025917,2.47676653,1.947509633,1.633714089,1.710677904,2.179063163,1.632050437,1.377215615,1.428644904,2.223868981,2.313702641,1.140653152,1.496410741,1.345425348,1.416428044,1.364995963,2.141640278,1.755787104,1.837649304
2033,1.844481611,1.54834107,2.47408603,1.856630133,1.643739089,1.528333604,2.085286863,1.592547837,1.433450615,1.388326304,2.211132581,2.323723141,1.157953552,1.339017441,1.306637348,1.392260244,1.311530963,1.962785578,1.710630504,1.670796004
2034,1.875894711,1.62343807,2.66481163,1.831750833,1.705292789,1.444363104,2.119106063,1.585106737,1.341496815,1.272636004,2.425384281,2.334095041,1.211157052,1.336255541,1.425080148,1.513749944,1.333851963,1.914320278,1.801224504,1.716876904
2035,1.941171511,1.53473207,2.87598903,1.829181533,1.828136089,1.681769504,2.291259563,1.606128037,1.501648215,1.287349404,2.632807481,2.362887441,1.479197852,1.698000841,1.585128448,1.546064444,1.284561863,2.096946478,1.784807804,1.883621004
2036,1.988157411,1.68332607,3.05173663,1.897471733,2.102818589,1.832175904,2.435268163,1.732379237,1.640831215,1.553611204,2.643967681,2.406349141,1.549455752,1.711908441,1.541246848,1.570344644,1.327796963,2.142148278,1.797293604,1.974503304
2037,2.206190611,1.76251157,3.03654333,1.867503933,2.231750889,1.839132804,2.275508563,1.747480137,1.664769215,1.558873904,2.629105581,2.609591941,1.430247452,1.521449841,1.483653848,1.647802944,1.490557363,2.199203778,1.904372604,2.078074904
2038,2.081286411,1.85818507,2.94056203,1.918532233,2.233657589,1.856568304,2.315154463,1.666707537,1.624528715,1.522284704,2.639537081,2.524480641,1.338795052,1.488059641,1.665173648,1.572383444,1.595966463,2.360367778,1.792071804,2.126352504
2039,1.998186111,1.86656887,2.95870773,2.010793133,2.200563989,1.991357004,2.582829063,1.646585837,1.420668815,1.581923504,2.815877081,2.614266941,1.462529752,1.708177741,1.542911748,1.587493944,1.493501163,2.556033978,1.911386304,2.058726404
2040,2.164666111,1.90825797,3.11988393,2.126239733,2.303934589,2.077133704,2.711741663,1.987928337,1.694587615,1.675485404,2.941970881,2.639754941,1.756501852,1.891426241,1.566982348,1.651694644,1.742674463,2.574208178,1.910679704,2.189512204
2041,2.273787311,1.99515717,3.12093513,1.831487233,2.441460189,1.806634204,2.898575263,1.769046837,1.863947115,1.584936604,2.825282681,2.693529141,1.582906852,1.740314941,1.516649448,1.699362544,1.681475863,2.716255378,2.008994404,2.270363404
2042,2.243529511,1.98646297,3.19116983,2.046996033,2.588918889,1.700037304,2.501420063,1.659057637,1.690399115,1.558326604,2.828204981,2.735163941,1.523235752,1.656658241,1.707129548,1.699316444,1.754871663,2.655400178,2.159372204,2.300702004
2043,2.433990511,1.99928137,3.19471423,2.258659933,2.607876189,1.943755304,2.553665063,1.980339137,1.726664115,1.710389404,2.807884781,2.810266241,1.624769152,1.869045541,1.830922348,1.619901944,1.964191963,2.726673978,1.995945604,2.273673204
2044,2.388740211,2.05655237,3.27777283,2.032657933,2.207021789,2.292540804,2.719510563,2.203495137,1.814153015,1.861800204,2.973610881,2.783123441,1.748277652,2.289475441,1.680837748,1.628052044,1.915989163,2.713615978,2.081660104,2.292897704
2045,2.511246711,2.16709737,3.31462363,2.208569333,2.253228589,2.392623304,2.754256963,2.080174437,2.100437215,1.878967504,3.015479081,2.955772241,1.988976752,2.020851841,1.670644248,1.704728144,1.725599263,2.856001078,2.106499004,2.209014804
2046,2.527779411,2.16358027,3.23489093,2.382485333,2.362447689,2.266012004,3.068606363,1.900780137,1.898377315,1.623391104,3.235590481,2.953701641,1.957761652,1.736352441,1.612937648,2.035439744,1.874036863,2.862071378,2.140097904,2.337305404
2047,2.487180311,2.19249177,3.39358693,2.386280133,2.681060789,2.238226204,3.194355163,2.156691337,1.892710715,1.737658604,3.162236681,2.934437141,1.566651552,1.838540541,1.621474348,2.025408044,1.849202763,3.045365578,2.351260604,2.552636204
2048,2.582992111,2.27519517,3.51551713,2.535370733,2.948311189,2.333997204,2.811854363,2.453267237,2.048868915,1.974287104,3.225788581,3.068669241,1.696313852,2.253180041,1.902146248,1.902914044,1.820598863,3.099717678,2.316965504,2.450907404
2049,2.713200511,2.34330517,3.73603483,2.582830033,2.860932089,2.591571104,2.875583863,2.156428537,2.215130415,2.051915104,3.218217881,3.105750441,1.912695752,2.434602441,2.093279248,1.847844344,1.943117363,3.115697678,2.112227704,2.469120204
2050,2.815130011,2.38981557,3.71842973,2.561723533,2.598563689,2.820144204,2.950520063,2.371825937,2.202804415,1.862800904,3.230785481,3.016328541,2.319349752,2.092651841,1.996959248,1.899007044,2.028414363,3.119517178,2.250387004,2.597596104
2051,2.708995211,2.38569307,3.78073703,2.573892033,2.560024589,2.860392704,3.098709363,2.569633837,2.261430215,1.998438604,3.479833581,3.232149341,1.988614552,2.050164041,1.916612948,1.884688844,1.937483063,3.349420378,2.442763604,2.341826004
2052,2.826138011,2.30040217,3.91340173,2.892882733,2.731702589,2.620749904,3.245541163,2.607981237,2.491378915,2.099006704,3.437588781,3.248035241,1.834439152,2.211289741,1.889882148,1.995439044,2.047823063,3.358723078,2.425064104,2.510379904
2053,3.085141511,2.40900377,3.85485103,2.666776233,2.775381489,2.629158804,3.046758463,2.450572237,2.303275515,2.081641304,3.357346281,3.253661341,1.941106352,2.502077541,2.059851248,2.142847144,2.110905763,3.296137578,2.434858304,2.523947204
2054,2.966502011,2.50117297,3.89117703,2.804159533,2.999240289,2.702785004,3.041050163,2.631316537,2.497429615,2.226431004,3.539679881,3.412849741,2.118854852,2.623102741,2.240962048,2.213779744,2.338661463,3.434843778,2.387907504,2.507885504
2055,2.999302311,2.47952177,4.14960793,3.051689733,3.155125489,2.786446304,3.136488263,2.836125937,2.789219415,2.318362204,3.714102381,3.590403141,2.354463752,2.267513941,2.147350448,2.100695244,2.136792763,3.628629078,2.512196404,2.638722804
2056,3.173733711,2.51385147,4.34404793,2.874679133,3.270590589,2.894415704,3.228954563,2.815962137,2.509644615,2.089258904,3.938512581,3.604592741,2.376196552,2.365971441,2.198598348,2.260386944,2.076320163,3.417998078,2.687302604,2.681082604
2057,3.219009911,2.68257657,4.30793653,2.779618933,3.192816589,3.166177104,3.209879263,2.558548237,2.573657615,2.230826104,3.838324481,3.576179341,2.540784152,2.664723841,2.321680448,2.475123744,2.166045463,3.391222578,2.578464104,2.703215804
2058,3.454422211,2.74936217,4.36457663,3.003071433,3.118815889,3.338089904,3.224306963,2.620134937,2.792966315,2.289533604,3.783403781,3.482537641,2.252583852,2.819874541,2.332146548,2.394498644,2.284573363,3.609144378,2.634971304,2.689382304
2059,3.422040511,2.74949557,4.58470893,3.311861333,3.189771489,3.172924304,3.455813663,2.939622837,2.839066015,2.369306604,4.068125681,3.548871841,2.091863552,2.552062241,2.194108948,2.376102944,2.352213163,3.764044678,2.653751904,2.814400704
2060,3.404582911,2.90097057,4.47026073,3.247114933,3.275004489,3.090738304,3.760601163,3.283797037,2.848238215,2.255837204,3.916266581,3.607905941,2.154199852,2.500853041,2.347088648,2.342805444,2.425613863,3.887141378,2.684393604,2.953803204
2061,3.525608411,2.82651447,4.37728683,3.253168633,3.474820189,3.326393204,3.393710463,3.058624437,2.886904915,2.470749204,3.994952481,3.575871241,2.225756152,2.710457541,2.528586348,2.356003844,2.558908063,4.057864978,2.835427104,2.819470404
2062,3.547330011,2.84176977,4.41032083,3.433510133,3.518264489,3.585465704,3.446338263,3.113208337,3.194567915,2.525069604,4.160666381,3.721972541,2.402026452,2.876757441,2.379232148,2.509809044,2.532150263,4.051622478,2.726460104,2.927543404
2063,3.611332111,2.94954287,4.72242923,3.282857733,3.583110289,3.433469704,3.551152163,3.179916137,3.346810115,2.402577604,4.111532781,3.752791441,2.748983252,2.703472541,2.499345248,2.451947944,2.451641863,4.217425078,2.752191004,3.043126804
2064,3.762158811,3.00535677,4.75347683,3.480762433,3.533417689,3.460090204,3.796344863,3.248227537,2.944718015,2.718146404,4.286064881,3.849213441,2.498955252,2.601217241,2.404618748,2.400090544,2.543062163,3.990549078,2.914733604,2.946432504
2065,3.569269311,3.07235497,4.87981723,3.492881033,3.560056589,3.784031004,3.540121963,3.620340737,3.128488915,2.661066204,4.379726481,3.800352841,2.201747552,2.814817241,2.658696548,2.637998244,2.709286063,4.120245578,2.766303004,3.137117004
2066,3.682954611,3.02418647,4.95274873,3.744822633,3.763849889,3.752861204,3.664359163,3.377412937,3.318403715,2.605656104,4.353164181,3.918911241,2.517222352,2.983003841,2.545937948,2.639122344,2.743564363,4.348043378,3.027463604,3.107629604
2067,3.913007611,3.07137547,5.06416753,3.827197833,4.057538189,3.454846304,4.064781663,3.492862637,3.798884915,2.760220304,4.399099181,3.995777841,2.641323852,2.724134541,2.500239248,2.769084444,2.592406063,4.183934178,3.216563504,3.264142404
2068,3.796575711,3.19443427,5.19480973,3.833571033,4.066247689,3.577062904,4.044445463,3.689515237,3.470453915,2.651866704,4.496489581,4.037099641,2.527626952,2.658196041,2.586655148,2.759491344,2.643645163,4.326774278,3.103904204,3.400217304
2069,4.100982511,3.26678747,5.08654343,3.763222733,3.941072689,3.862430104,3.898894963,3.829362737,3.607120015,2.895330104,4.586077181,4.203841441,2.785652352,2.933290541,2.751350348,2.683619744,2.809393463,4.531211478,3.310335004,3.259823504
2070,4.127267611,3.29921007,5.13690733,3.919366833,3.629989489,4.163701504,4.091141663,3.661911037,3.914897615,2.839163804,4.728749081,4.182044141,2.976641752,3.293468441,2.872214248,2.813310044,3.240137363,4.519062078,3.099764204,3.317939204
2071,4.352295611,3.21345627,5.28303343,3.869490633,3.904373189,4.190794404,4.351657063,3.835495837,3.675405515,2.883314604,4.845388981,4.357655241,2.638504752,3.067860541,2.779027148,3.037419044,3.030533163,4.499899478,3.092488204,3.297844404
2072,4.230569911,3.38170167,5.41507663,4.142626433,4.183169889,3.908401104,4.061184563,4.162738137,3.739511915,2.782944504,4.779137381,4.494555841,2.715737152,3.011595341,2.780688648,3.061046344,2.768459863,4.632400778,3.302265504,3.340682004
2073,4.278811111,3.45357447,5.55512313,4.291109333,4.135115789,4.009140704,4.160484963,3.897329337,4.005729715,2.942583204,5.018657181,4.304300141,2.928042452,3.128462941,3.020276948,3.051261544,2.785728963,4.914182878,3.274867304,3.548252804
2074,4.384475011,3.38345537,5.57394743,4.200198033,4.010951289,4.364485104,4.405465863,3.892545037,4.142864115,3.081675004,5.065108581,4.465144441,3.047693852,3.471883541,2.976128948,3.150481244,3.126531263,4.947861978,3.334890304,3.573378004
2075,4.498584111,3.50290477,5.60961873,4.328612133,4.068043189,4.371555504,4.667144663,4.079360337,3.814798415,3.030024204,5.192679081,4.540367941,3.289739752,3.398958941,2.874579048,3.193438644,3.433113763,4.849796878,3.159651204,3.558485304
2076,4.493761811,3.51889527,5.73181683,4.351609333,4.224650089,4.309019404,4.391752963,4.455398837,3.864344115,2.973762304,5.198524881,4.520380141,3.019996152,3.124473741,2.988903348,3.217261044,3.233455463,5.050272078,3.376635904,3.630883604
2077,4.414862011,3.42007417,5.87200493,4.541300633,4.314092889,4.074488904,4.445942763,4.339659837,4.135678815,3.093866804,5.067816981,4.574145241,2.830034952,3.220656741,2.979121048,3.140241744,3.192031263,5.231204578,3.462585804,3.682059704
2078,4.449382111,3.48654437,6.07748363,4.643026933,4.430554989,4.127121804,4.643980063,4.403955737,3.888670815,3.362228604,5.315754681,4.726404441,2.928081352,3.458087841,2.959177748,3.122952144,3.327783963,5.067652678,3.363691904,3.774811704
2079,4.619402411,3.53150407,6.35731723,4.675667633,4.740600089,4.421328704,4.844678963,4.402355237,4.198213215,3.219757504,5.490724781,4.879514141,3.224983452,3.755651641,3.220141448,3.280836844,3.282900363,5.021353878,3.505929304,3.780728504
2080,4.786142211,3.62502187,6.20698903,4.639233433,4.479330289,4.623574604,4.551510863,4.559796837,4.433510015,3.127631404,5.401858381,4.929178241,3.550808352,3.634782141,3.261186548,3.340593244,3.293691863,5.400788478,3.344373004,3.882682304
2081,4.813563211,3.75483687,5.99150183,4.765275733,4.347387789,4.527736804,4.697692563,4.627712937,4.572593815,3.402629904,5.662261181,4.932979541,3.630633252,3.353896841,3.279430948,3.390051244,3.352989163,5.421655978,3.460424104,3.970917404
2082,4.965804911,3.73299607,6.23819773,4.811240933,4.463483289,4.601950004,5.153269363,4.356870337,4.328409315,3.520580304,5.556934881,5.044484741,3.337876452,3.530728641,3.314902148,3.459330744,3.372360063,5.421580278,3.553011804,4.116901904
2083,4.864212011,3.67985967,6.51687603,5.067207233,4.674712189,4.558942904,5.146941063,4.449363337,4.325736515,3.338308604,5.619912781,5.191058441,3.243408852,3.912017441,3.576167348,3.475989444,3.645100363,5.658406178,3.505060904,4.059496304
2084,5.172366111,3.67398517,6.63101783,5.075815533,5.000057189,4.585428504,4.795628963,4.922876537,4.782973215,3.532970504,5.753795681,5.131934941,3.342557252,3.878700341,3.429563948,3.473365744,3.645669763,5.520380078,3.543188404,4.249276804
2085,5.239150211,3.77568887,6.58679173,5.262470933,4.871279989,4.810573504,5.034518063,4.909841137,5.036709915,3.549601104,6.097502881,5.290309741,3.597481352,3.452009041,3.413311548,3.534716344,3.674285763,5.763601278,3.615753504,4.352174004
2086,5.193470111,3.78403197,6.57833263,5.359950633,4.783836389,5.005627304,5.573161963,4.571349837,4.850420015,3.580116904,6.091315281,5.345852241,3.741540552,3.493044441,3.373917048,3.686295144,3.765459163,5.633825578,3.432140804,4.247038104
2087,5.336935611,3.72542457,6.71671073,5.257556233,4.908908789,5.010061904,5.411134363,4.727222037,5.037661415,3.506131004,6.034401981,5.276657941,3.509692152,3.693868241,3.576766048,3.811252044,3.773489463,5.808127778,3.663760004,4.298111904
2088,5.384490411,3.97247017,6.79494023,5.360406233,5.177889289,4.909981704,5.226567963,4.913151037,5.201371115,3.616381104,6.276360981,5.357097841,3.517839852,4.117891141,3.676213748,3.812440544,3.903385263,6.022442778,3.679766804,4.212635504
2089,5.312467811,3.87581467,6.89681453,5.606880533,5.407848089,4.899449304,5.292722663,4.987517137,4.756749215,3.977624804,6.420866481,5.419332041,3.841546152,3.879750441,3.678679348,3.917738944,3.856160463,5.881428478,3.600054404,4.166496204
2090,5.501709211,3.79580147,7.14626743,5.400615433,5.142660889,4.999974904,5.628379463,4.973602437,4.979814215,3.796091004,6.306460181,5.496460541,4.037875952,3.894063941,3.814009948,4.036920244,3.819792363,6.164549978,3.795458204,4.310418704
2091,5.608583111,3.97110007,7.12242053,5.675667433,4.996686589,5.283074004,5.755798563,5.231585937,5.142710915,3.881684704,6.480125281,5.716810941,3.769527452,4.237322641,4.044062548,3.744707444,3.925857163,6.282955578,3.791572704,4.482499604
2092,5.670332311,3.90557057,7.27557003,5.705118433,5.294707989,5.270709104,5.570879163,5.358122737,5.469739415,3.907067104,6.527343381,5.533479741,3.771280152,4.379622841,3.960536248,3.875863044,3.884848463,6.286504478,3.810276704,4.445996704
2093,5.667337211,4.12252297,7.39269393,5.823063433,5.500448389,5.122329704,5.575205863,5.486031537,5.400572915,3.967430004,6.716440381,5.601219341,3.918501752,4.036858641,3.990778048,4.080633744,3.970613663,6.499059978,3.896641504,4.402182704
2094,5.895791811,4.17858437,7.52072833,6.031433733,5.479899189,5.232314404,5.929306163,5.515356437,5.181242315,3.911702904,6.750831281,5.808658141,4.161409952,4.000295541,4.034261848,4.215635944,3.998850663,6.485324478,4.024480404,4.637458704
2095,5.986089811,4.14990297,7.45733043,6.174621533,5.374085589,5.508399504,6.089311463,5.696559737,5.155820715,4.032503004,6.799103481,5.839081841,4.094300052,4.360912441,4.088284348,4.128301844,4.064590363,6.487489278,4.029912604,4.502797404
2096,6.063540411,4.24473567,7.46229103,6.212861233,5.525687289,5.667414104,5.863548963,5.907229737,5.526774915,4.071086304,6.866427281,5.826070341,4.009071852,4.632754141,4.187761248,4.133819944,4.040238563,6.617539878,3.849158304,4.696512104
2097,6.027438211,4.23521277,7.65193383,6.413045933,5.571548389,5.431645804,6.051827263,5.616967337,5.772371315,3.857335004,7.069435981,5.911065941,4.131683552,4.504318041,4.187713048,4.095112944,4.138006963,6.706870678,3.918173904,4.915282104
2098,6.217513011,4.27567867,7.54605543,6.463017533,5.588013089,5.432802404,6.151374963,5.578531237,5.570345715,4.155945104,7.002994781,5.985244641,4.518658152,4.339553141,4.266097448,4.200796044,4.484552263,6.678345878,4.102651604,4.606587204
2099,6.322197711,4.38242937,7.54854143,6.573232033,5.758596889,5.656501604,6.502569963,5.932103537,5.546935215,4.351029304,7.131861081,6.105186141,4.322595952,4.422793541,4.286509048,4.188445244,4.398251763,6.842655378,3.976874504,4.712233104
2100,6.352837411,4.45709647,7.88413783,6.392128633,5.831822289,5.649813004,6.475750363,6.211086937,5.819172615,4.230438004,7.189588681,6.078817441,4.324867652,4.723166541,4.203935048,4.221279944,4.153526063,6.999316778,8,4.992771304
